{"grad_norm": 2.6259732863416394, "loss": 0.0052334102487657, "loss_cal": 0.043961558304727, "loss_cal_q0": 0.0441752889261503, "loss_cal_q1": 0.0480389922459395, "loss_cal_q2": 0.0412847813731305, "loss_cal_q3": 0.0423754699860173, "loss_diff": 0.0035851079237181, "loss_diff_q0": 0.0105126376426293, "loss_diff_q1": 0.0028282494667891, "loss_diff_q2": 0.0007543038353865, "loss_diff_q3": 0.0003458551326559, "loss_q0": 0.0173238249111212, "loss_q1": 0.0028493013580006, "loss_q2": 0.0007612073034689, "loss_q3": 0.0003502753388962, "param_norm": 217.49320237188005, "samples": 45608.0, "step": 5700.0, "vb": 0.0016483023704086, "vb_q0": 0.0068111872247461, "vb_q1": 2.105189595004308e-05, "vb_q2": 6.90346738583541e-06, "vb_q3": 4.420206146345893e-06, "_timestamp": 1689136925.6448858, "_runtime": 0.9850997924804688, "_step": 57, "_wandb": {"runtime": 0}}