{"grad_norm": 1.2273633350066433, "loss": 0.0021065672501572, "loss_cal": 0.0327418330591171, "loss_cal_q0": 0.0330710337305693, "loss_cal_q2": 0.0356243546450769, "loss_cal_q3": 0.0294310783951238, "loss_diff": 0.001917406344437, "loss_diff_q0": 0.0057235564560566, "loss_diff_q2": 0.0005421079939183, "loss_diff_q3": 0.0001953104216983, "loss_q0": 0.0064928779129331, "loss_q2": 0.0005470432698593, "loss_q3": 0.0001977891363344, "param_norm": 235.07031111130144, "samples": 39208.0, "step": 4900.0, "vb": 0.0001891609241897, "vb_q0": 0.0007693214838813, "vb_q2": 4.935275495684821e-06, "vb_q3": 2.478714657510214e-06, "loss_cal_q1": 0.033045642778541, "loss_diff_q1": 0.0013432663294407, "loss_q1": 0.0013532910738395, "vb_q1": 1.00247369157148e-05, "_timestamp": 1689136340.6237457, "_runtime": 147.87146258354187, "_step": 49, "_wandb": {"runtime": 147}}