{"grad_norm": 4.127963152171973, "loss": 0.0299181238008456, "loss_cal": 0.0121153064863756, "loss_cal_q0": 0.0118290215440277, "loss_cal_q1": 0.0126945458868288, "loss_cal_q2": 0.0125567846952242, "loss_cal_q3": 0.0113265938589535, "loss_diff": 0.024501237753267, "loss_diff_q0": 0.0513576194099254, "loss_diff_q1": 0.0171891258202925, "loss_diff_q2": 0.0172426838175315, "loss_diff_q3": 0.0116239392120222, "loss_q0": 0.0723752917606438, "loss_q1": 0.0173176043295562, "loss_q2": 0.0174012451621312, "loss_q3": 0.0117793940211893, "param_norm": 249.4496523458736, "samples": 104008.0, "step": 13000.0, "vb": 0.0054168860475786, "vb_q0": 0.0210176723507183, "vb_q1": 0.0001284785092637, "vb_q2": 0.0001585613445997, "vb_q3": 0.0001554548091671, "_timestamp": 1689387814.6520932, "_runtime": 1.012782096862793, "_step": 130, "_wandb": {"runtime": 0}}