{"grad_norm": 9.13278928124456, "loss": 1.006493519072882, "loss_cal": 0.3959468007087707, "loss_cal_q0": 0.3819916546344757, "loss_cal_q1": 0.4133395701646805, "loss_cal_q2": 0.4023735374212265, "loss_cal_q3": 0.3847189247608185, "loss_diff": 0.9963042813367952, "loss_diff_q0": 1.0025680710122309, "loss_diff_q1": 0.9945198721146828, "loss_diff_q2": 0.998520729380443, "loss_diff_q3": 0.9939283255639596, "loss_q0": 1.0144057631713923, "loss_q1": 1.0019057779408402, "loss_q2": 1.0068408275518066, "loss_q3": 1.006683059475456, "param_norm": 233.19745752436896, "samples": 8.0, "step": 0.0, "vb": 0.0101892377360866, "vb_q0": 0.0118376921591615, "vb_q1": 0.0073859058261573, "vb_q2": 0.0083200981713637, "vb_q3": 0.0127547339114963, "_timestamp": 1689231508.0176506, "_runtime": 0.7745635509490967, "_step": 0, "_wandb": {"runtime": 0}}