{"grad_norm": 15.748560016215464, "loss": 0.1201258537407763, "loss_cal": 0.0348994090780615, "loss_cal_q0": 0.0369494183754016, "loss_cal_q1": 0.0346719619518678, "loss_cal_q2": 0.0321317795283894, "loss_cal_q3": 0.0359986072871833, "loss_diff": 0.1120848940001667, "loss_diff_q0": 0.2302417808709422, "loss_diff_q1": 0.0697760957717048, "loss_diff_q2": 0.0706777010757809, "loss_diff_q3": 0.0695599825577507, "loss_q0": 0.2589606340200452, "loss_q1": 0.0702936313271391, "loss_q2": 0.0713445593742474, "loss_q3": 0.0704564362962025, "param_norm": 236.4094957473553, "samples": 18408.0, "step": 2300.0, "vb": 0.0080409597406095, "vb_q0": 0.0287188531491035, "vb_q1": 0.0005175355554341, "vb_q2": 0.0006668582984664, "vb_q3": 0.0008964537384517, "_timestamp": 1689387743.0504434, "_runtime": 0.795006513595581, "_step": 23, "_wandb": {"runtime": 0}}